<?xml version="1.0" encoding="UTF-8"?>
<project-private xmlns="http://www.netbeans.org/ns/project-private/1">
    <editor-bookmarks xmlns="http://www.netbeans.org/ns/editor-bookmarks/2" lastBookmarkId="0"/>
    <open-files xmlns="http://www.netbeans.org/ns/projectui-open-files/2">
        <group>
            <file>file:/var/www/masterMind/Clave.php</file>
            <file>file:/var/www/masterMind/Plantilla.php</file>
            <file>file:/var/www/masterMind/fin.php</file>
            <file>file:/var/www/masterMind/jugar.php</file>
            <file>file:/var/www/masterMind/Jugada.php</file>
            <file>file:/var/www/masterMind/index.php</file>
        </group>
    </open-files>
</project-private>
